clusterid,environment 2017_net_primary_production,environment 2017_sea-bottom_dissolved_oxygen
0.0,79.59400204666666,209.51536388333332
1.0,2.595996187271672,181.6755410841618
2.0,14.765684213999998,23.318002353999997
3.0,6.487782256681252,220.294695359375
